﻿profile_id,certification_index,name,institution,link
61960f6f72d26a1d5c3edc0b,0,Scrum master,scrum.org,https://www.scrum.org/certificates/583258
61960f6f72d26a1d5c3edc0b,1,Scrum product ownership,scrum.org,https://www.scrum.org/certificates/572013
61960f6f72d26a1d5c3edc0b,2,design thinking practioner,IBM,https://www.credly.com/badges/aec356d4-2e77-4fca-8a3f-6162de0bba74/public_url
61960f6f72d26a1d5c3edc0b,3,Lean six sigma (level green belt ) : id 180554,JM6S,https://www.linkedin.com/company/jm6s/
61960f6f72d26a1d5c3edc0b,4,Google analytics advanced  (ID 50634970),Google,https://www.linkedin.com/company/google-analytics-for-business/
61960f6f72d26a1d5c3edc0b,5,HP ALM (outil de test automatisé),HP,
61960f6f72d26a1d5c3edc0b,6,ISTQB,Fitec,
5d70fee8b7d0a40009ce9e00,0,Certification SEMrush SEO Fundamentals,SEMRush,
5d70fee8b7d0a40009ce9e00,1,Google Analytics,Google,https://skillshop.exceedlms.com/student/award/49942553
