﻿ID,Gender,Picture,Localisation,Télétravail,Availablility,Full time/Part Time,Tarif,Expérience,Taux de réponse,Temps de réponse,Compétence 1,Compétence 2,Compétence 3,Compétence 4,Compétence 5,Langues,Nombre de missions,Rates,Nombre de recommandations,Profile description/ Nbr of signs,Expérience 1,Expérience 2,Expérience 3,Formation 1,Formation 2,skill_count,certified_skill_count,is_super_malter,response_time_category
61960f6f72d26a1d5c3edc0b,,https://dam.malt.com/4d3a87be-a6c4-4f84-8efc-853aa0c9abd7?gravity=face&func=face&w=330&h=325&force_format=png,Lille,EVERYWHERE,AVAILABLE_AND_VERIFIED,FULL_TIME,700,15 ans et +,90%,24h,UX Design,Customer Experience,Product management,Conseil en innovation,Développement de business plan,Français | Anglais | Espagnol | Italien | Allemand | Japonais,2,5.0,5,1827,Expert innovation @ CHANEL,UX researcher et expert innovation @ CHANEL,Advisor - Expert conseil en innovation et numérique @ Ministère de l'Economie et des Finances,DUT gestion des entreprises et des administrations,Licence affaire et management international,49,21.0,True,0
5c0e71d7fe4143472c1f8a90,,https://dam.malt.com/f0a61a8e-756b-4c59-bbc9-ff305e3588aa?gravity=face&func=face&w=330&h=325&force_format=png,Rosny-sous-Bois,REMOTE,AVAILABLE_AND_VERIFIED,FULL_TIME,500,3-7 ans,100%,1h,Graphisme,Packaging,Flyer,Design logo,Identité visuelle,Anglais | Français | Espagnol,49,4.97,9,981,Graphiste indépendante @ Intersport France SA COOP,Design graphique & packaging @ DETOXIMIX,Designer freelance @ Nestlé,Licence en alternance design de packaging - objet graphique,"BTS design de communication, espace et volume",40,,True,0
67497fdf1f2ce20eb205d92b,,https://dam.malt.com/70506a45-29df-4418-946c-0e5ea1a279c7?gravity=face&func=face&w=330&h=325&force_format=png,Marseille,REMOTE,AVAILABLE,FULL_TIME,560,0-2 ans,100%,1h,Android,Swift,Développement web,Firebase,Développement Front-End,Français,0,,0,0,,,,,,5,,False,0
5d70fee8b7d0a40009ce9e00,,https://dam.malt.com/8e196198-ea2b-489c-b567-312cc67b26dc?gravity=face&func=face&w=330&h=325&force_format=png,Paris,EVERYWHERE,AVAILABLE_AND_VERIFIED,FULL_TIME,350,15 ans et +,100%,1h,SEO,Consulting SEO,Stratégie SEO,Netlinking SEO,Audit SEO,Français | Anglais | Allemand | Indonésien,108,4.9,39,1924,[MISSION] Consultant Expert SEO Senior @ ROCEAN,[MISSION] Expert SEO technique @ PARFAIT FLUIDE,[MISSION] Consultant Expert SEO Senior @ TBWA,BTS Informatique de Gestion (Option Développeur d’application),BAC STT Informatique et Gestion,50,11.0,True,0
