﻿profile_id,education_index,degree,institution,date
61960f6f72d26a1d5c3edc0b,0,DUT gestion des entreprises et des administrations,"Université de Lille -IUT ""A"" lille 1",2005
61960f6f72d26a1d5c3edc0b,1,Licence affaire et management international,Université de Lille - iup lille 1,2007
61960f6f72d26a1d5c3edc0b,2,Marketing international,"University of Wuhan, China (武汉大学)",2008
61960f6f72d26a1d5c3edc0b,3,Master 2 management des affaires internationales commerce,Université de Lille-1,2010
61960f6f72d26a1d5c3edc0b,4,RNCP niveau 2 (Bac+3) : chef de projet SI homologation logiciel,"Devenez, le Reskilling by Fitec",2015
61960f6f72d26a1d5c3edc0b,5,Ux design,Pop school,2020
61960f6f72d26a1d5c3edc0b,6,Product management IT : conception dans un environnement agile,"Devenez, le Reskilling by Fitec",2020
61960f6f72d26a1d5c3edc0b,7,Design and marketing training,"Central Saint Martins, University of The Arts London",2013
61960f6f72d26a1d5c3edc0b,8,Ux design,OpenClassrooms,
61960f6f72d26a1d5c3edc0b,9,RNCP niveau 2 (Bac+3),"Devenez, le Reskilling by Fitec",2015
61960f6f72d26a1d5c3edc0b,10,Spécialisation en merchandising : responsable merch/Expérience client,Cepreco CCI Hauts-de-France - école supérieure de design et de merchandising,2012
5c0e71d7fe4143472c1f8a90,0,Licence en alternance design de packaging - objet graphique,Ecole Estienne,2015
5c0e71d7fe4143472c1f8a90,1,"BTS design de communication, espace et volume",Ecole Boulle,2013
5c0e71d7fe4143472c1f8a90,2,Baccalauréat STI - Arts appliqués,Lycée André Malraux,2011
5d70fee8b7d0a40009ce9e00,0,BTS Informatique de Gestion (Option Développeur d’application),Lycée Guy Mollet - Arras,2006
5d70fee8b7d0a40009ce9e00,1,BAC STT Informatique et Gestion,Lycée Robespierre - Arras,2003
5d70fee8b7d0a40009ce9e00,2,Licence d’Intégrateur Web,l’Ecole privée Efficom - Lille,2007
5d70fee8b7d0a40009ce9e00,3,Licence d’Intégrateur Web en alternance,Efficom - Lille,2007
