﻿profile_id,experience_index,company_name,title,date_range,location,description
61960f6f72d26a1d5c3edc0b,0,CHANEL,Expert innovation,,,septembre 2024 - Aujourd'hui (9 mois)
61960f6f72d26a1d5c3edc0b,1,CHANEL,UX researcher et expert innovation,,,février 2024 - juillet 2024 (5 mois)
61960f6f72d26a1d5c3edc0b,2,Ministère de l'Economie et des Finances,Advisor - Expert conseil en innovation et numérique,,,janvier 2023 - Aujourd'hui (2 ans et 5 mois)
5c0e71d7fe4143472c1f8a90,0,Intersport France SA COOP,Graphiste indépendante,,,septembre 2021 - Aujourd'hui (3 ans et 8 mois)
5c0e71d7fe4143472c1f8a90,1,DETOXIMIX,Design graphique & packaging,,,septembre 2020 - Aujourd'hui (4 ans et 8 mois)
5c0e71d7fe4143472c1f8a90,2,Nestlé,Designer freelance,,,septembre 2019 - Aujourd'hui (5 ans et 9 mois)
5d70fee8b7d0a40009ce9e00,0,ROCEAN,[MISSION] Consultant Expert SEO Senior,mai 2025 - mai 2025,"Paris, France",📌 MISSIONS-------------------- Optimisation de la performance du site- Configuration du sitemap.xml- Configuration du robots.txt- Configuration de la balise Canonical- Vérification des liens externes NOFOLLOW- Mise place du NOINDEX sur les pages inutiles- Correction des erreurs 404- Configuration de la Google Search ConsoleSUIVI DES MOTS CLÉS- Suivi en temps réel des mots clés dès la mise en ligne du site à hauteur de 100 mots clés max- Configuration de rapports hebdomadaires envoyés par email
5d70fee8b7d0a40009ce9e00,1,PARFAIT FLUIDE,[MISSION] Expert SEO technique,avril 2025 - avril 2025,"Paris, France",📌 MISSIONS-------------------• Optimisation technique SEO sous Wordpress
5d70fee8b7d0a40009ce9e00,2,TBWA,[MISSION] Consultant Expert SEO Senior,mars 2025 - mars 2025,"Paris, France","📌 MISSIONS-------------------• Audit SEO sémantique, technique et backlinks• Restitution 2h• Accompagnement sur la reindexation d'un site pénalisé par Google"
