{
  "run_timestamp_utc": "20250715_090304",
  "duration_seconds": 12.23,
  "source_json_root": "D:\\Data Extraction FSP\\Malt-fr\\raw_data",
  "source_html_root": "H:\\Data Extraction FSP\\Malt-fr\\raw_data\\malt_fr\\developpeur\\en_t\u00e9l\u00e9travail\\profiles\\developpeur\\en_t\u00e9l\u00e9travail\\profiles",
  "output_path": "D:\\Data Extraction FSP\\Malt-fr\\processed_data\\20250715_090304",
  "total_unique_profiles_found": 67245,
  "processing_run_type": {
    "type": "include_ids_run",
    "ids_requested": 4,
    "ids_found": 4
  },
  "profiles_processed_in_run": 4,
  "profiles_with_errors": 0,
  "data_schema_tables": [
    "profiles",
    "profile_skills",
    "profile_badges",
    "profile_languages",
    "profile_categories",
    "portfolio_items",
    "reviews",
    "recommendations",
    "experiences",
    "education",
    "certifications",
    "custom_profile"
  ]
}