﻿profile_id,item_index,title,item_type,low_res_url,med_res_url,high_res_url
61960f6f72d26a1d5c3edc0b,0,"Prix ""World best emmerging leader"" au parlement britannique en présence de Ministres, Lords et Barons/Baronnes et ministre Britannique",PHOTO,https://dam.malt.com/d614d0dd-f6b2-4073-b839-af4e3ae125f5?func=cover&w=150,https://dam.malt.com/d614d0dd-f6b2-4073-b839-af4e3ae125f5?func=cover&w=350,https://dam.malt.com/d614d0dd-f6b2-4073-b839-af4e3ae125f5
61960f6f72d26a1d5c3edc0b,1,Interview France 3 comme expert innovation en direct,VIDEO,https://i.ytimg.com/vi/cqVfal595xE/mqdefault.jpg,https://i.ytimg.com/vi/cqVfal595xE/sddefault.jpg,https://i.ytimg.com/vi/cqVfal595xE/maxresdefault.jpg
61960f6f72d26a1d5c3edc0b,2,Interview par un magazine New yorkais sur la customer experience ,PHOTO,https://dam.malt.com/6889a236-a9fb-4e50-bd48-3fbcafdcce81?func=cover&w=150,https://dam.malt.com/6889a236-a9fb-4e50-bd48-3fbcafdcce81?func=cover&w=350,https://dam.malt.com/6889a236-a9fb-4e50-bd48-3fbcafdcce81
61960f6f72d26a1d5c3edc0b,3,"interview USA en direct suite remise du prix ""marketing 2.0 Outstanding Leadership Award"" - Caesar Palace Las Vegas",VIDEO,https://i.ytimg.com/vi/sceU5ECqiWY/mqdefault.jpg,https://i.ytimg.com/vi/sceU5ECqiWY/sddefault.jpg,https://i.ytimg.com/vi/sceU5ECqiWY/maxresdefault.jpg
61960f6f72d26a1d5c3edc0b,4,Membre customer experience organization et présidente du jury de l'international customer experience awards,PHOTO,https://dam.malt.com/7494fa9c-40c4-4be2-a317-096caba4742c?func=cover&w=150,https://dam.malt.com/7494fa9c-40c4-4be2-a317-096caba4742c?func=cover&w=350,https://dam.malt.com/7494fa9c-40c4-4be2-a317-096caba4742c
61960f6f72d26a1d5c3edc0b,5,Fondatrice et organisatrice  d'HACKATHON Ruban rose : concevoir des solutions pour aider les personnes atteintes du cancer du sein. ,VIDEO,https://i.ytimg.com/vi/bo1xgWiVaXU/mqdefault.jpg,https://i.ytimg.com/vi/bo1xgWiVaXU/sddefault.jpg,https://i.ytimg.com/vi/bo1xgWiVaXU/sddefault.jpg
61960f6f72d26a1d5c3edc0b,6,Marraine et intervenante projet HTM'ELLE : inclusion des femmes dans le numérique,PHOTO,https://dam.malt.com/32df4b49-909f-4b48-a6ab-90423819f1e3?func=cover&w=150,https://dam.malt.com/32df4b49-909f-4b48-a6ab-90423819f1e3?func=cover&w=350,https://dam.malt.com/32df4b49-909f-4b48-a6ab-90423819f1e3
61960f6f72d26a1d5c3edc0b,7,"Article publié sur le site ""Capitaine commerce"" sur le VR commerce",PHOTO,https://dam.malt.com/b7fde9b2-aae8-4d69-8c73-356b5729b2a6?func=cover&w=150,https://dam.malt.com/b7fde9b2-aae8-4d69-8c73-356b5729b2a6?func=cover&w=350,https://dam.malt.com/b7fde9b2-aae8-4d69-8c73-356b5729b2a6
61960f6f72d26a1d5c3edc0b,8,Intervenante et enseignante en école de design,PHOTO,https://dam.malt.com/18c8ad15-f8af-4c87-b00e-8c08377e9c7e?func=cover&w=150,https://dam.malt.com/18c8ad15-f8af-4c87-b00e-8c08377e9c7e?func=cover&w=350,https://dam.malt.com/18c8ad15-f8af-4c87-b00e-8c08377e9c7e
61960f6f72d26a1d5c3edc0b,9,Conférencière extended reality (english round table) chambre commerce de Chicago,PHOTO,https://dam.malt.com/6c8a25db-515c-4f49-9e50-b949c99d4763?func=cover&w=150,https://dam.malt.com/6c8a25db-515c-4f49-9e50-b949c99d4763?func=cover&w=350,https://dam.malt.com/6c8a25db-515c-4f49-9e50-b949c99d4763
61960f6f72d26a1d5c3edc0b,10,Conférencière pour la Sorbonne business school,PHOTO,https://dam.malt.com/5adeb221-3627-4fae-a4fd-0a4e765cfad6?func=cover&w=150,https://dam.malt.com/5adeb221-3627-4fae-a4fd-0a4e765cfad6?func=cover&w=350,https://dam.malt.com/5adeb221-3627-4fae-a4fd-0a4e765cfad6
61960f6f72d26a1d5c3edc0b,11,Co présentatrice innovation : Expert Talk #26 - Evènementiel Virtuel avec Temew,VIDEO,https://i.ytimg.com/vi/Q7QTwU6wDO4/mqdefault.jpg,https://i.ytimg.com/vi/Q7QTwU6wDO4/sddefault.jpg,https://i.ytimg.com/vi/Q7QTwU6wDO4/sddefault.jpg
61960f6f72d26a1d5c3edc0b,12,Interview par le Fashion green Hub : Comment la réalité virtuelle peut-elle transformer l’industrie de la mode?,PHOTO,https://dam.malt.com/540bf6d2-6fee-4aac-ae12-9d357f583c26?func=cover&w=150,https://dam.malt.com/540bf6d2-6fee-4aac-ae12-9d357f583c26?func=cover&w=350,https://dam.malt.com/540bf6d2-6fee-4aac-ae12-9d357f583c26
61960f6f72d26a1d5c3edc0b,13,Article par L'ECV sur mon workshop technologie et innovation,PHOTO,https://dam.malt.com/111a0146-b5c9-418a-bacb-b50ab4bfc72b?func=cover&w=150,https://dam.malt.com/111a0146-b5c9-418a-bacb-b50ab4bfc72b?func=cover&w=350,https://dam.malt.com/111a0146-b5c9-418a-bacb-b50ab4bfc72b
5c0e71d7fe4143472c1f8a90,0,DETOXIMIX - Packaging,PHOTO,https://dam.malt.com/13342f54-3c33-4d3c-be8e-b53f99ff8313?func=cover&w=150,https://dam.malt.com/13342f54-3c33-4d3c-be8e-b53f99ff8313?func=cover&w=350,https://dam.malt.com/13342f54-3c33-4d3c-be8e-b53f99ff8313
5c0e71d7fe4143472c1f8a90,1,MARIE BIZARD - Mise en page,PHOTO,https://dam.malt.com/8cf613d7-54dc-488d-9686-c7e2ec968400?func=cover&w=150,https://dam.malt.com/8cf613d7-54dc-488d-9686-c7e2ec968400?func=cover&w=350,https://dam.malt.com/8cf613d7-54dc-488d-9686-c7e2ec968400
5c0e71d7fe4143472c1f8a90,2,CLINT - Packaging alimentaire,PHOTO,https://dam.malt.com/a7263f70-51d9-420d-92f4-c089e54cc394?func=cover&w=150,https://dam.malt.com/a7263f70-51d9-420d-92f4-c089e54cc394?func=cover&w=350,https://dam.malt.com/a7263f70-51d9-420d-92f4-c089e54cc394
5c0e71d7fe4143472c1f8a90,3,MANUFACTURE GERMAIN - Logo,PHOTO,https://dam.malt.com/7e1c4b1b-d30f-49e1-a55e-b9c0a7eff9b6?func=cover&w=150,https://dam.malt.com/7e1c4b1b-d30f-49e1-a55e-b9c0a7eff9b6?func=cover&w=350,https://dam.malt.com/7e1c4b1b-d30f-49e1-a55e-b9c0a7eff9b6
5c0e71d7fe4143472c1f8a90,4,STRAWBERRY - Packaging & graphisme,PHOTO,https://dam.malt.com/bbb95508-9afa-4459-85b7-cba1958d2282?func=cover&w=150,https://dam.malt.com/bbb95508-9afa-4459-85b7-cba1958d2282?func=cover&w=350,https://dam.malt.com/bbb95508-9afa-4459-85b7-cba1958d2282
5c0e71d7fe4143472c1f8a90,5,INTERSPORT - Gamme packaging Energetics,PHOTO,https://dam.malt.com/64dc6003-0495-47dd-8790-d54c18bc71c1?func=cover&w=150,https://dam.malt.com/64dc6003-0495-47dd-8790-d54c18bc71c1?func=cover&w=350,https://dam.malt.com/64dc6003-0495-47dd-8790-d54c18bc71c1
5c0e71d7fe4143472c1f8a90,6,X-MOOVE - Packaging et identité visuelle,PHOTO,https://dam.malt.com/d2e60c5d-9da6-4439-8c2f-708f4f6a8dd2?func=cover&w=150,https://dam.malt.com/d2e60c5d-9da6-4439-8c2f-708f4f6a8dd2?func=cover&w=350,https://dam.malt.com/d2e60c5d-9da6-4439-8c2f-708f4f6a8dd2
5c0e71d7fe4143472c1f8a90,7,Packaging détail - Detoximix,PHOTO,https://dam.malt.com/4b9fc465-330d-40ba-9348-492749064fed?func=cover&w=150,https://dam.malt.com/4b9fc465-330d-40ba-9348-492749064fed?func=cover&w=350,https://dam.malt.com/4b9fc465-330d-40ba-9348-492749064fed
5c0e71d7fe4143472c1f8a90,8,DETOXIMIX - Poster salon,PHOTO,https://dam.malt.com/0ddafd12-6314-4c9b-9562-ce3f1afc04e4?func=cover&w=150,https://dam.malt.com/0ddafd12-6314-4c9b-9562-ce3f1afc04e4?func=cover&w=350,https://dam.malt.com/0ddafd12-6314-4c9b-9562-ce3f1afc04e4
5c0e71d7fe4143472c1f8a90,9,WE CARE CBD - Étiquettes et identité visuelle,PHOTO,https://dam.malt.com/27915890-b6b1-4359-9168-31df89b3b1ba?func=cover&w=150,https://dam.malt.com/27915890-b6b1-4359-9168-31df89b3b1ba?func=cover&w=350,https://dam.malt.com/27915890-b6b1-4359-9168-31df89b3b1ba
5c0e71d7fe4143472c1f8a90,10,NPC - Flyer et identité visuelle,PHOTO,https://dam.malt.com/36b00419-0384-40e7-9734-d488a1100b6f?func=cover&w=150,https://dam.malt.com/36b00419-0384-40e7-9734-d488a1100b6f?func=cover&w=350,https://dam.malt.com/36b00419-0384-40e7-9734-d488a1100b6f
5c0e71d7fe4143472c1f8a90,11,MIRALUDO - Design de campagne Ulule,PHOTO,https://dam.malt.com/845eee7f-1e15-4b4f-be6d-488a79d52b76?func=cover&w=150,https://dam.malt.com/845eee7f-1e15-4b4f-be6d-488a79d52b76?func=cover&w=350,https://dam.malt.com/845eee7f-1e15-4b4f-be6d-488a79d52b76
5c0e71d7fe4143472c1f8a90,12,STUDI - Mise en page catalogue,PHOTO,https://dam.malt.com/82b61036-9997-4c01-af9a-5a6f54578c38?func=cover&w=150,https://dam.malt.com/82b61036-9997-4c01-af9a-5a6f54578c38?func=cover&w=350,https://dam.malt.com/82b61036-9997-4c01-af9a-5a6f54578c38
5c0e71d7fe4143472c1f8a90,13,IPBIO - Flyer et montage photo,PHOTO,https://dam.malt.com/0f264d25-0ca7-4675-afa2-e0c372ee6200?func=cover&w=150,https://dam.malt.com/0f264d25-0ca7-4675-afa2-e0c372ee6200?func=cover&w=350,https://dam.malt.com/0f264d25-0ca7-4675-afa2-e0c372ee6200
5c0e71d7fe4143472c1f8a90,14,Flyer IPBIO,PHOTO,https://dam.malt.com/47fd9da2-d94f-4547-b04a-bbe1ac5132ba?func=cover&w=150,https://dam.malt.com/47fd9da2-d94f-4547-b04a-bbe1ac5132ba?func=cover&w=350,https://dam.malt.com/47fd9da2-d94f-4547-b04a-bbe1ac5132ba
5c0e71d7fe4143472c1f8a90,15,EDUKA PLAY - Graphisme & Notices de jeux,PHOTO,https://dam.malt.com/2d4e41ae-153a-45d3-9cee-237a453c34d2?func=cover&w=150,https://dam.malt.com/2d4e41ae-153a-45d3-9cee-237a453c34d2?func=cover&w=350,https://dam.malt.com/2d4e41ae-153a-45d3-9cee-237a453c34d2
5c0e71d7fe4143472c1f8a90,16,FK Design - Gamme de cosmétique,PHOTO,https://dam.malt.com/8e820397-1318-4e8b-a986-5e017af9ac74?func=cover&w=150,https://dam.malt.com/8e820397-1318-4e8b-a986-5e017af9ac74?func=cover&w=350,https://dam.malt.com/8e820397-1318-4e8b-a986-5e017af9ac74
5c0e71d7fe4143472c1f8a90,17,INCH - Identité visuelle et communication,PHOTO,https://dam.malt.com/a1afa63e-2412-4183-9662-1d9ca9b9665f?func=cover&w=150,https://dam.malt.com/a1afa63e-2412-4183-9662-1d9ca9b9665f?func=cover&w=350,https://dam.malt.com/a1afa63e-2412-4183-9662-1d9ca9b9665f
5c0e71d7fe4143472c1f8a90,18,MIRALUDO - Gamme de jeux,PHOTO,https://dam.malt.com/10ee1540-066a-449e-9b52-ce7b8df2eccd?func=cover&w=150,https://dam.malt.com/10ee1540-066a-449e-9b52-ce7b8df2eccd?func=cover&w=350,https://dam.malt.com/10ee1540-066a-449e-9b52-ce7b8df2eccd
5d70fee8b7d0a40009ce9e00,0,Clients SEO,PHOTO,https://dam.malt.com/8b0c3377-54a8-4d5b-9961-40e2d5c0d959?func=cover&w=150,https://dam.malt.com/8b0c3377-54a8-4d5b-9961-40e2d5c0d959?func=cover&w=350,https://dam.malt.com/8b0c3377-54a8-4d5b-9961-40e2d5c0d959
5d70fee8b7d0a40009ce9e00,1,"Missions SEO réalisées pour ces clients (Consulting, Audit, Optimisation...)",PHOTO,https://dam.malt.com/airgqfxfpg0vccwktzcv?func=cover&w=150,https://dam.malt.com/airgqfxfpg0vccwktzcv?func=cover&w=350,https://dam.malt.com/airgqfxfpg0vccwktzcv
5d70fee8b7d0a40009ce9e00,2,"Missions SEO réalisées pour ces clients (Consulting, Audit, Optimisation...)",PHOTO,https://dam.malt.com/ldiqknuevoas8o3matl0?func=cover&w=150,https://dam.malt.com/ldiqknuevoas8o3matl0?func=cover&w=350,https://dam.malt.com/ldiqknuevoas8o3matl0
5d70fee8b7d0a40009ce9e00,3,Certification Google Analytics 2020,PHOTO,https://dam.malt.com/g6jcepylkyeycdyfe7dp?func=cover&w=150,https://dam.malt.com/g6jcepylkyeycdyfe7dp?func=cover&w=350,https://dam.malt.com/g6jcepylkyeycdyfe7dp
5d70fee8b7d0a40009ce9e00,4,"ShantiTravel.com - Directeur Marketing Online & Expert SEO Senior (Audit, recherche de mots clés, optimisation META, rédaction SEO...)",PHOTO,https://dam.malt.com/cl9j3xznrwfkjcfhfmjg?func=cover&w=150,https://dam.malt.com/cl9j3xznrwfkjcfhfmjg?func=cover&w=350,https://dam.malt.com/cl9j3xznrwfkjcfhfmjg
5d70fee8b7d0a40009ce9e00,5,"Empruntis.com - Expert SEO Senior (Audit, recherche de mots clés, optimisation META, rédaction SEO...)",PHOTO,https://dam.malt.com/d1oaivmgtf249gzypeas?func=cover&w=150,https://dam.malt.com/d1oaivmgtf249gzypeas?func=cover&w=350,https://dam.malt.com/d1oaivmgtf249gzypeas
5d70fee8b7d0a40009ce9e00,6,"PopCarte.com - Consultant Expert SEO Senior (Audit, recherche de mots clés, optimisation META, rédaction SEO...)",PHOTO,https://dam.malt.com/ccosivx5mmv8kncsnrhf?func=cover&w=150,https://dam.malt.com/ccosivx5mmv8kncsnrhf?func=cover&w=350,https://dam.malt.com/ccosivx5mmv8kncsnrhf
5d70fee8b7d0a40009ce9e00,7,"SkillAndYou.com - Expert SEO Senior (Audit, recherche de mots clés, optimisation META, rédaction SEO...)",PHOTO,https://dam.malt.com/r3ogaezptc6meqi1iyuq?func=cover&w=150,https://dam.malt.com/r3ogaezptc6meqi1iyuq?func=cover&w=350,https://dam.malt.com/r3ogaezptc6meqi1iyuq
5d70fee8b7d0a40009ce9e00,8,"Ymanci.fr - Consultant Expert SEO Senior (Audit, recherche de mots clés, optimisation META, rédaction SEO...)",PHOTO,https://dam.malt.com/hm4z9vd027pkt3oxo5zr?func=cover&w=150,https://dam.malt.com/hm4z9vd027pkt3oxo5zr?func=cover&w=350,https://dam.malt.com/hm4z9vd027pkt3oxo5zr
5d70fee8b7d0a40009ce9e00,9,"Curiosity-Lab.com - Expert SEO Senior (Audit, recherche de mots clés, optimisation technique Shopify, rédaction SEO...)",PHOTO,https://dam.malt.com/yk23ddyw5tbqsadmtbrg?func=cover&w=150,https://dam.malt.com/yk23ddyw5tbqsadmtbrg?func=cover&w=350,https://dam.malt.com/yk23ddyw5tbqsadmtbrg
5d70fee8b7d0a40009ce9e00,10,"Lille-Immo.fr - Expert SEO Senior (Audit, recherche de mots clés, optimisation technique, rédaction SEO...)",PHOTO,https://dam.malt.com/uh4yqm8o7l9epheycmbl?func=cover&w=150,https://dam.malt.com/uh4yqm8o7l9epheycmbl?func=cover&w=350,https://dam.malt.com/uh4yqm8o7l9epheycmbl
5d70fee8b7d0a40009ce9e00,11,"AgenceTapisRouge.com - Consultant Expert SEO Senior (Audit, recherche de mots clés, optimisation META, rédaction SEO...)",PHOTO,https://dam.malt.com/lwioeshmwfudrgi47krk?func=cover&w=150,https://dam.malt.com/lwioeshmwfudrgi47krk?func=cover&w=350,https://dam.malt.com/lwioeshmwfudrgi47krk
5d70fee8b7d0a40009ce9e00,12,"Vintagerides.com - Expert SEO Senior (Audit, recherche de mots clés, optimisation technique Wordpress, rédaction SEO...)",PHOTO,https://dam.malt.com/vbndxbfoncdq0py8we9c?func=cover&w=150,https://dam.malt.com/vbndxbfoncdq0py8we9c?func=cover&w=350,https://dam.malt.com/vbndxbfoncdq0py8we9c
5d70fee8b7d0a40009ce9e00,13,"Perrotin.com - Consultant Expert SEO Senior (Audit, recherche de mots clés, optimisation META, rédaction SEO...)",PHOTO,https://dam.malt.com/imvdh3j5rsdodvt6oks1?func=cover&w=150,https://dam.malt.com/imvdh3j5rsdodvt6oks1?func=cover&w=350,https://dam.malt.com/imvdh3j5rsdodvt6oks1
5d70fee8b7d0a40009ce9e00,14,"Alfacoustic.com - Consultant Expert SEO Senior (Audit, recherche de mots clés, optimisation technique Wordpress, rédaction SEO...)",PHOTO,https://dam.malt.com/b6um1h1hnkd4wyw2ieje?func=cover&w=150,https://dam.malt.com/b6um1h1hnkd4wyw2ieje?func=cover&w=350,https://dam.malt.com/b6um1h1hnkd4wyw2ieje
5d70fee8b7d0a40009ce9e00,15,"Chateau-Omiecourt.fr - Développeur et Expert SEO Senior (Développement Wordpress, recherche de mots clés, optimisation META, rédaction SEO...)",PHOTO,https://dam.malt.com/ikzbktomrfzpoegcl8wu?func=cover&w=150,https://dam.malt.com/ikzbktomrfzpoegcl8wu?func=cover&w=350,https://dam.malt.com/ikzbktomrfzpoegcl8wu
5d70fee8b7d0a40009ce9e00,16,"DaisyCake.fr - Développeur et Expert SEO Senior (Développement, recherche de mots clés, optimisation META, rédaction SEO...)",PHOTO,https://dam.malt.com/fj9o25hzd6u7b9zn6y4h?func=cover&w=150,https://dam.malt.com/fj9o25hzd6u7b9zn6y4h?func=cover&w=350,https://dam.malt.com/fj9o25hzd6u7b9zn6y4h
5d70fee8b7d0a40009ce9e00,17,"Vintagerides.com - Expert SEO Senior (Audit, recherche de mots clés, optimisation technique Wordpress, rédaction SEO...)",PHOTO,https://dam.malt.com/s3z9pauqspanzikcunxb?func=cover&w=150,https://dam.malt.com/s3z9pauqspanzikcunxb?func=cover&w=350,https://dam.malt.com/s3z9pauqspanzikcunxb
5d70fee8b7d0a40009ce9e00,18,"DaisyCake.fr - Développeur et Expert SEO Senior (Développement, recherche de mots clés, optimisation META, rédaction SEO...)",PHOTO,https://dam.malt.com/ndxbwrxtdx3zwtui7txa?func=cover&w=150,https://dam.malt.com/ndxbwrxtdx3zwtui7txa?func=cover&w=350,https://dam.malt.com/ndxbwrxtdx3zwtui7txa
