﻿profile_id,language_name
61960f6f72d26a1d5c3edc0b,Français
61960f6f72d26a1d5c3edc0b,Anglais
61960f6f72d26a1d5c3edc0b,Espagnol
61960f6f72d26a1d5c3edc0b,Italien
61960f6f72d26a1d5c3edc0b,Allemand
61960f6f72d26a1d5c3edc0b,Japonais
5c0e71d7fe4143472c1f8a90,Anglais
5c0e71d7fe4143472c1f8a90,Français
5c0e71d7fe4143472c1f8a90,Espagnol
67497fdf1f2ce20eb205d92b,Français
5d70fee8b7d0a40009ce9e00,Français
5d70fee8b7d0a40009ce9e00,Anglais
5d70fee8b7d0a40009ce9e00,Allemand
5d70fee8b7d0a40009ce9e00,Indonésien
