﻿profile_id,skill_name,is_certified
61960f6f72d26a1d5c3edc0b,UX Design,True
61960f6f72d26a1d5c3edc0b,Customer Experience,False
61960f6f72d26a1d5c3edc0b,Product management,True
61960f6f72d26a1d5c3edc0b,Conseil en innovation,False
61960f6f72d26a1d5c3edc0b,Développement de business plan,False
61960f6f72d26a1d5c3edc0b,Stratégie d'entreprise,False
61960f6f72d26a1d5c3edc0b,Lean six sigma,True
61960f6f72d26a1d5c3edc0b,Méthode agile,True
61960f6f72d26a1d5c3edc0b,Business analysis,True
61960f6f72d26a1d5c3edc0b,Recette fonctionnelle,True
61960f6f72d26a1d5c3edc0b,Customer Journey,False
61960f6f72d26a1d5c3edc0b,Transformation digitale,False
61960f6f72d26a1d5c3edc0b,Marketing,False
61960f6f72d26a1d5c3edc0b,Scrum,True
61960f6f72d26a1d5c3edc0b,Conseil,False
61960f6f72d26a1d5c3edc0b,Stratégie commerciale,False
61960f6f72d26a1d5c3edc0b,Stratégie de communication,False
61960f6f72d26a1d5c3edc0b,User Research,False
61960f6f72d26a1d5c3edc0b,Product Design,False
61960f6f72d26a1d5c3edc0b,Lean UX,True
61960f6f72d26a1d5c3edc0b,Lean startup,True
61960f6f72d26a1d5c3edc0b,Gestion de projet,False
61960f6f72d26a1d5c3edc0b,User Experience Design,True
61960f6f72d26a1d5c3edc0b,user flow,False
61960f6f72d26a1d5c3edc0b,Service Design,False
61960f6f72d26a1d5c3edc0b,Management d'équipe,False
61960f6f72d26a1d5c3edc0b,User Testing,False
61960f6f72d26a1d5c3edc0b,Facilitation de processus,True
61960f6f72d26a1d5c3edc0b,product owner,True
61960f6f72d26a1d5c3edc0b,roadmap,True
61960f6f72d26a1d5c3edc0b,user stories,True
61960f6f72d26a1d5c3edc0b,Méthodologie,True
61960f6f72d26a1d5c3edc0b,Lean management,True
61960f6f72d26a1d5c3edc0b,Analyse de données,True
61960f6f72d26a1d5c3edc0b,Etude de besoin,True
61960f6f72d26a1d5c3edc0b,Google Analytics,True
61960f6f72d26a1d5c3edc0b,Web analytics,True
61960f6f72d26a1d5c3edc0b,QA testing,True
61960f6f72d26a1d5c3edc0b,Stratégie marketing,False
61960f6f72d26a1d5c3edc0b,Réseaux sociaux,False
61960f6f72d26a1d5c3edc0b,E-commerce,False
61960f6f72d26a1d5c3edc0b,Commerce de détail,False
61960f6f72d26a1d5c3edc0b,Étude de marché,False
61960f6f72d26a1d5c3edc0b,Stratégie,False
61960f6f72d26a1d5c3edc0b,Marketing social,False
61960f6f72d26a1d5c3edc0b,Innovation et design thinking,False
61960f6f72d26a1d5c3edc0b,commerce,False
61960f6f72d26a1d5c3edc0b,Stratégie d'innovation,False
61960f6f72d26a1d5c3edc0b,Direction de programme,False
5c0e71d7fe4143472c1f8a90,Graphisme,False
5c0e71d7fe4143472c1f8a90,Packaging,False
5c0e71d7fe4143472c1f8a90,Flyer,False
5c0e71d7fe4143472c1f8a90,Design logo,False
5c0e71d7fe4143472c1f8a90,Identité visuelle,False
5c0e71d7fe4143472c1f8a90,Mise en page,False
5c0e71d7fe4143472c1f8a90,Illustration,False
5c0e71d7fe4143472c1f8a90,Infographie,False
5c0e71d7fe4143472c1f8a90,Adobe Photoshop,False
5c0e71d7fe4143472c1f8a90,Catalogue,False
5c0e71d7fe4143472c1f8a90,Adobe InDesign,False
5c0e71d7fe4143472c1f8a90,Adobe Illustrator,False
5c0e71d7fe4143472c1f8a90,Kakémono,False
5c0e71d7fe4143472c1f8a90,Webdesign,False
5c0e71d7fe4143472c1f8a90,User Interface Design,False
5c0e71d7fe4143472c1f8a90,Direction artistique,False
5c0e71d7fe4143472c1f8a90,Charte graphique,False
5c0e71d7fe4143472c1f8a90,Affiche,False
5c0e71d7fe4143472c1f8a90,Retouche photo,False
5c0e71d7fe4143472c1f8a90,Graphisme print,False
5c0e71d7fe4143472c1f8a90,Carte de visite,False
5c0e71d7fe4143472c1f8a90,Edition,False
5c0e71d7fe4143472c1f8a90,Adobe Lightroom,False
5c0e71d7fe4143472c1f8a90,Plaquette,False
5c0e71d7fe4143472c1f8a90,Graphiste packaging,False
5c0e71d7fe4143472c1f8a90,packaging cosmétique,False
5c0e71d7fe4143472c1f8a90,création packaging,False
5c0e71d7fe4143472c1f8a90,packaging alimentaire,False
5c0e71d7fe4143472c1f8a90,conception packaging,False
5c0e71d7fe4143472c1f8a90,Développement packaging,False
5c0e71d7fe4143472c1f8a90,packaging luxe,False
5c0e71d7fe4143472c1f8a90,Stratégie de communication,False
5c0e71d7fe4143472c1f8a90,graphiste logo,False
5c0e71d7fe4143472c1f8a90,graphiste freelance,False
5c0e71d7fe4143472c1f8a90,Graphiste Photoshop,False
5c0e71d7fe4143472c1f8a90,Communication visuelle,False
5c0e71d7fe4143472c1f8a90,Création de charte graphique,False
5c0e71d7fe4143472c1f8a90,Retouche colorimétrique,False
5c0e71d7fe4143472c1f8a90,retouches photos,False
5c0e71d7fe4143472c1f8a90,Retouches photo,False
67497fdf1f2ce20eb205d92b,Android,False
67497fdf1f2ce20eb205d92b,Swift,False
67497fdf1f2ce20eb205d92b,Développement web,False
67497fdf1f2ce20eb205d92b,Firebase,False
67497fdf1f2ce20eb205d92b,Développement Front-End,False
5d70fee8b7d0a40009ce9e00,SEO,True
5d70fee8b7d0a40009ce9e00,Consulting SEO,True
5d70fee8b7d0a40009ce9e00,Stratégie SEO,True
5d70fee8b7d0a40009ce9e00,Netlinking SEO,True
5d70fee8b7d0a40009ce9e00,Audit SEO,True
5d70fee8b7d0a40009ce9e00,Formation SEO,True
5d70fee8b7d0a40009ce9e00,Optimisation On-Page,True
5d70fee8b7d0a40009ce9e00,Stratégie de positionnement,False
5d70fee8b7d0a40009ce9e00,Génération de leads,False
5d70fee8b7d0a40009ce9e00,Mots clés SEO,False
5d70fee8b7d0a40009ce9e00,Schema.org,False
5d70fee8b7d0a40009ce9e00,Acquisition trafic,False
5d70fee8b7d0a40009ce9e00,Optimisation Off-Page,True
5d70fee8b7d0a40009ce9e00,Google Analytics,True
5d70fee8b7d0a40009ce9e00,Google Search Console,False
5d70fee8b7d0a40009ce9e00,Contenus SEO,False
5d70fee8b7d0a40009ce9e00,Analyse sémantique,False
5d70fee8b7d0a40009ce9e00,SEO Consulting,False
5d70fee8b7d0a40009ce9e00,Formateur SEO,False
5d70fee8b7d0a40009ce9e00,Mission SEO,False
5d70fee8b7d0a40009ce9e00,Freelance SEO,False
5d70fee8b7d0a40009ce9e00,Référencement naturel,False
5d70fee8b7d0a40009ce9e00,Projet SEO,False
5d70fee8b7d0a40009ce9e00,SEO Consultant,False
5d70fee8b7d0a40009ce9e00,Coaching SEO,False
5d70fee8b7d0a40009ce9e00,E-Commerce SEO,False
5d70fee8b7d0a40009ce9e00,Refonte SEO,False
5d70fee8b7d0a40009ce9e00,Analyse de logs,False
5d70fee8b7d0a40009ce9e00,SEO Technique,False
5d70fee8b7d0a40009ce9e00,Accompagnement SEO,False
5d70fee8b7d0a40009ce9e00,Consultant Référencement naturel,False
5d70fee8b7d0a40009ce9e00,Expert SEO,False
5d70fee8b7d0a40009ce9e00,Expert SEO Senior,False
5d70fee8b7d0a40009ce9e00,Référenceur,False
5d70fee8b7d0a40009ce9e00,SEO Wordpress,False
5d70fee8b7d0a40009ce9e00,SEO Shopify,False
5d70fee8b7d0a40009ce9e00,Wordpress SEO technique,False
5d70fee8b7d0a40009ce9e00,Web analytics,True
5d70fee8b7d0a40009ce9e00,SEMrush,True
5d70fee8b7d0a40009ce9e00,Rédaction SEO,False
5d70fee8b7d0a40009ce9e00,Optimisation SEO,False
5d70fee8b7d0a40009ce9e00,Rédaction web SEO,False
5d70fee8b7d0a40009ce9e00,Consultant SEO,False
5d70fee8b7d0a40009ce9e00,Référencement SEO,False
5d70fee8b7d0a40009ce9e00,SEO Prestashop,False
5d70fee8b7d0a40009ce9e00,SEO Webflow,False
5d70fee8b7d0a40009ce9e00,Optimisation pour les moteurs de recherche (SEO),False
5d70fee8b7d0a40009ce9e00,Yoast SEO,False
5d70fee8b7d0a40009ce9e00,Référencement Naturel (SEO),False
5d70fee8b7d0a40009ce9e00,Optimisation de référencement,False
