﻿profile_id,recommendation_index,recommender_name,recommender_company,recommendation_date,recommendation_desc
61960f6f72d26a1d5c3edc0b,2,,Thrd,20/11/2021,"J'ai eu le plaisir de collaborer avec Marie durant le challenge Ruban Rose, piloté par ses soins. Bienveillante, une énergie du tonnerre et toujours prête à relever de nouveaux challenge, une personnalité étonnante, je la recommande chaudement. :)"
61960f6f72d26a1d5c3edc0b,3,,Immersive Learning Lab,19/11/2021,"Travailler avec Marie sur les différentes émissions a été un réel plaisir.Curieuse et passionnée sur tous les sujets, elle nous a apporté son point de vue éclairé sur les aspects UX/ UI dans les technologies immersives.C'est un domaine pointu qu'elle a mis à portée du plus grand nombre grâce à sa pédagogie et sa capacité de vulgarisation.Solaire et enthousiaste, elle complétait parfaitement notre équipe et nous a permis de proposer des émissions de qualité."
61960f6f72d26a1d5c3edc0b,4,,Wild code school,18/11/2021,"Super intervention de Marie à l’école ! Très intéressante, motivante, captivante. Merci Marie pour ce moment d’échange !"
61960f6f72d26a1d5c3edc0b,5,,Immersive Learning Lab,18/11/2021,"Marie est une exploratrice passionnée et curieuse. Empathique et énergique, elle a apporté au talk une grande valeur quant aux recherches menées sur les différents thèmes et leur présentation. C'est un élément pétillant et lumineux pour une équipe, qui emporte l'engagement de ses pairs. Je la recommande vivement pour toutes les activités de communication et de recherches ciblées dans ce domaine."
5c0e71d7fe4143472c1f8a90,2,,Bizon,16/08/2024,J'ai fait appel à Julie pour un projet de plusieurs semaines nécessitant rigueur et organisation. J'ai été ravi de collaborer avec Julie qui a su rajouter de la créativité dans le travail demandé.
5c0e71d7fe4143472c1f8a90,3,,Accor,05/12/2023,Julie es très consciencieuse et créative. J'ai l'intention de faire appel à Julie à nouveau.
5c0e71d7fe4143472c1f8a90,4,,Neotropical Primate Conservation,29/04/2022,"It was a real pleasure having Julie do our design work and branding. A top rate job, done efficiently and professionally with first rate results. She was open to communication and able to translate our ideas into logos, formats, and products to our complete satisfaction. Highly recommended!"
5c0e71d7fe4143472c1f8a90,5,,Martin Güth,10/05/2020,"En travaillant avec Julie j'ai tout de suite remarqué qu'elle est extrêmement créative, réactive, force de proposition et à l'écoute des besoins. C'était un réel plaisir de travailler avec elle, hâte de renouveler l'expérience ! Je la recommande vivement !"
5c0e71d7fe4143472c1f8a90,6,,les troupes du coq,17/07/2019,"Julie a très vite compris mes attentes et sait précisément répondre à mes besoins. Elle est fine dans son analyse et son oeil créatif est affûté ! Rapide, créative et efficace, elle reste une partenaire de choix !"
5c0e71d7fe4143472c1f8a90,7,,CMP,23/01/2019,"Ayant travaillée sur plusieurs projets avec Julie, je peux dire que Julie est une designer créative, réactive et passionnée.Elle est efficace, comprend rapidement et est force de proposition."
5c0e71d7fe4143472c1f8a90,8,,Hmc le rhum arrangé,21/12/2018,"Julie,A travailler sur le logo de ma société de rhum arrangé HMC. Elle a tout de suite compris et mit en valeur ma marque.Je la remercie énormément parce que j ai du accélérer mon projet sur la fin et elle a su m envoyer mon projet en temps et en heure Merci beaucoup Julie j"
5c0e71d7fe4143472c1f8a90,9,,CMP,19/12/2018,"J’ai eu l’occasion de travailler en collaboration avec Julie tout au long de l’année 2018.Nous avons travaillé ensemble sur tous type de projets, Julie a su être réactive, volontaire et force de proposition.Ce fut très enrichissant et agréable pour moi.Julie est une personne pleine de ressource qui apporte une réelle valeur ajoutée à une équipe. Je la recommande vivement."
5c0e71d7fe4143472c1f8a90,10,,Ariane Brigandat,18/12/2018,"J'ai eu l'occasion de travailler à plusieurs reprises avec Julie, elle est très professionnelle, rigoureuse et créative, je recommande!"
5d70fee8b7d0a40009ce9e00,2,Drexco Médical,Drexco Medical,28/01/2025,"L’accompagnement de Jonathan est extrêmement professionnel. Il prend le temps d’expliquer clairement, même pour ceux qui ne sont pas familiers avec le domaine. Je le recommande vivement !"
5d70fee8b7d0a40009ce9e00,3,Léana Barral,Freelance,24/01/2024,Jonathan a de grandes qualités pédagogiques et une très bonne connaissance du référencement naturel. Il communique clairement avec une grande bienveillance. Je le recommande les yeux fermés pour tous vos projets SEO !
5d70fee8b7d0a40009ce9e00,4,Kim Baptisat,KB Consulting,15/12/2023,"J'ai eu l'opportunité de travailler aux côtés de Jonathan, je ne peux que le recommander. C'est un professionnel bienveillant, réactif et à l'écoute. J'apprécie ses conseils, ses recommandations et nos échanges. Je suis ravie de collaborer avec lui et j'espère avoir l'occasion de contribuer à de nouveaux projets !"
5d70fee8b7d0a40009ce9e00,5,Margot Butty,Wooclap,19/06/2023,"Je recommande Jonathan à 100%.Il est super à l'écoute, réactif, pro. Tous ses conseils sont actionnables et il nous a fait gagner en efficacité."
5d70fee8b7d0a40009ce9e00,6,Emmanuel A.,Voxy,20/03/2023,"Un audit SEO complet, avec livrable détaillé, très bon travail. Merci Jonathan !"
5d70fee8b7d0a40009ce9e00,7,Mathieu Rouget,Ecole la Fontaine,16/02/2023,Mission de 3 mois pour mettre à jour et aux normes notre site avec une augmentation visible du trafic. Nous commandons une nouvelle mission à Jonathan pour du suivi sur le long terme !
5d70fee8b7d0a40009ce9e00,8,Nicolas Langlois D'Estaintot,PERUS FAIR TRADE,19/01/2023,Jonathan est un vrai expert dans son domaine. Il nous a appris énormément en 2 jours de formation.Nous avons pu en apprendre plus sur le SEO et mettre en place nos premières actions qui ont eu des effets immédiats. Les techniques de Jonathan sont très précises et ne laissent pas de place à l'à peu près. Nous allons sans doute re-travailler avec lui pour la mise en place de certaines actions les plus complexes.Je recommande
5d70fee8b7d0a40009ce9e00,9,Webmaster Ecole,École la Fontaine,06/01/2023,"Je suis très satisfait de ma collaboration avec de Jonathan. Durant notre collaboration de 4 mois, il a su mettre en place une stratégie SEO efficace qui a permis d'améliorer la visibilité de mon site web. Le consultant a été très professionnel, à l'écoute de mes besoins et disponible pour répondre à mes questions."
5d70fee8b7d0a40009ce9e00,10,Axel Perrin,Développeur Web Freelance,22/11/2022,J'ai travaillé avec Jonathan sur la mise en place d'une stratégie et de plans d'actions SEO sur un site web et la mission s'est parfaitement déroulée. Je recommande fortement son travail et son expertise.
5d70fee8b7d0a40009ce9e00,11,Olya Challan,Lacom Communications,30/10/2022,Jonathan est un professionnel avec qui tout est clair et très bien expliqué. Travail de grande qualité et dans les temps. Je reviendrais vers lui surement avec une nouvelle mission.
5d70fee8b7d0a40009ce9e00,12,Stéphane Saint-Denis,Convelio,09/08/2022,"At Convelio, we hired Jonathan for a 3-month mission. His strategy is sound. His instructions are clear. We are already starting to see results. We are looking forward to working with you in the following months!"
5d70fee8b7d0a40009ce9e00,13,Nelly Pizot,DULARY,23/04/2022,Nous avons fait appel à Jonathan pour une mission de SEO.Il a fait un travail soigné et rapide. Et il nous apporté de précieux conseils.Je le recommande vivement.
5d70fee8b7d0a40009ce9e00,14,Benoit Klipfel,MEMSOFT,22/04/2022,Audit suite au travail d'optimisation d'une grande agence de SEO. Cela a permis de vérifier le travail accompli et surtout de mettre en exergue 2 règles de base non appliquées. Très bon travail de Jonathan.
5d70fee8b7d0a40009ce9e00,15,Clemence Bonnot,Vintega,26/11/2021,"Nous avons fait appel à Jonathan pour une mission SEO. Jonathan est très à l'écoute de ses clients, chaque mission est extrêmement bien organisée et cadrée en amont du projet. Des réunions hebdomadaires nous ont permis de bien comprendre chaque action menée. Nous avons pu voir des résultats après seulement un mois de mission, nous étions ravis et encouragés à continuer. Jonathan maitrise tous les rouages du SEO et plus encore ! Il nous avait promis une remontée en page 1 sur Google, la promesse a été tenue !  Jonathan a été d'une aide précieuse pour notre référencement naturel.  Je le recommande vivement pour toutes vos missions SEO."
5d70fee8b7d0a40009ce9e00,16,Christophe Koenig,MOVEO Consulting,27/09/2021,"Jonathan a réalisé le site web de notre entreprise. Il a été rapide et clair mais surtout force de proposition. Avec justes quelques inputs de notre part, il a été capable de nous proposer un site à notre image et dont le fonctionnement technique est également parfait. Merci Jonathan et à bientôt pour d'autres développements !"
5d70fee8b7d0a40009ce9e00,17,Docteur Dujoncquoy,SELARL MAXILO VISAGE,26/07/2021,"Mr CAPPE est très agréable, disponible, et me semble très compétant.Je le recommande sans hésiter et continue à travailler avec lui."
5d70fee8b7d0a40009ce9e00,18,Mythic Railways,https://www.mythic-railways.com,22/08/2020,Mythic Railways est un jeune site qui propose des voyages en train que nous avons réussi à propulser en première page de Google sur de nombreuses requêtes intéressantes !
5d70fee8b7d0a40009ce9e00,19,David Nguyen Viet,Very Nice Place,22/07/2020,"Très professionnel, Jonathan est un véritable expert en la matière. Il nous a beaucoup aidé dans le lancement de notre start up : extensions et codes à utiliser sur WordPress ; étude de mots clés ; conseils de base pour faire du SEO ; to do list pour la suite. Merci !"
5d70fee8b7d0a40009ce9e00,20,Francisco Yañez,El via hero,31/05/2020,J'ai eu de la chance de travailler avec Jonathan  et son expertise nous a permis de réaliser plusieurs projets avec succès
5d70fee8b7d0a40009ce9e00,21,Benjamin Rethymnis,Premista,22/05/2020,"Très sérieux et très disponible. C'est un expert du SEO, qui a répondu à toute nos questions et toutes nos exigences sur un projet très long et complexe : un accompagnement réussi avec brio ! Il s'est même déplacé pour nous faire une formation."
5d70fee8b7d0a40009ce9e00,22,Alexis Komar,Supeva référencement,07/05/2020,"J'ai confié à Jonathan pour mission de développer notre nouveau site et le référencement naturel. Étant une petit structure, nous avions des budgets assez conséquents en référencement payant. Le but du jeu pour Jonathan était donc de refondre totalement notre site mais surtout de rapidement nous positionner sur des requêtes très concurrentielles telles que ""assurance crédit"", ""assurance de prêt"", ""comparateur assurance crédit""... N'étant pas du métier, je lui ai laissé carte blanche sur l'ensemble du projet.Jonathan était très impliqué et de nature curieuse. Il a développé ses propres tests et scripts pour développer le SEO grâce aux infos trouvées sur des forums et internet.Il a toujours été force de propositions et nous nous sommes retrouvés dans le TOP 3 en quelques mois après son arrivée. Nous avons donc pu couper nos campagnes Adwords et ainsi faire des économies."
5d70fee8b7d0a40009ce9e00,23,Carole Brachet,Shanti travel,05/05/2020,J'ai suivi plusieurs formations SEO de Jonathan au sein de Shanti Travel et j'ai énormément appris sur ce sujet ! Jonathan parle de SEO avec passion et cela se ressent dans son travail.
5d70fee8b7d0a40009ce9e00,24,Frantz Adam,Meilleureassurance,05/05/2020,Jonathan connait parfaitement son métier de référenceur.Je recommande les yeux fermés!
5d70fee8b7d0a40009ce9e00,25,Sébastien Hirsch,Coach Sportif,05/05/2020,"Jonathan a su répondre à mes demandes et attentes lors de la construction de mon premier site en 2015 et de sa refonte en 2020.Il est à l’écoute, réactif et comprend bien ce qu'on lui demande et il tient les délais annoncés. Je le recommande vivement et ne manquerai pas de faire à nouveau appel à lui si besoin.Sébastien"
5d70fee8b7d0a40009ce9e00,26,Françoise Candy,Nurserie de Candy,05/05/2020,"Jonathan s'est occupé du développement de mon site ainsi que du SEO. Etant novice, je voulais un site sur-mesure avec une interface simple afin d'ajouter mes nouvelles créations facilement. Les optimisations SEO de Jonathan ont également bien payé car La Nurserie de Candy est en première page de Google sur de nombreuses requêtes qui me permettent d'avoir des demandes de devis toutes les semaines."
5d70fee8b7d0a40009ce9e00,27,Tara Benveniste,Galerie Emmanuel Perrotin,05/05/2020,"Jonathan nous a aidés à améliorer très nettement notre référencement naturel avec le plus grand professionnalisme. Il s'est montré très disponible tout au long de sa mission, et même au-delà. Nous avons particulièrement apprécié sa pédagogie et sa réactivité. Les solutions mises en places ont rapidement prouvé leur efficacité, et nous continuons à suivre cette progression après la mission de Jonathan."
5d70fee8b7d0a40009ce9e00,28,Jules Ricard,Groupe Premista / Ymanci,05/05/2020,"Jonathan a une vraie vision 360 du SEO : on site, on page, off site. Il a su répondre à nos attentes, tant stratégiques qu'opérationnelles. En plus de son expérience et de son expertise en référencement naturel, Jonathan est un très bon interlocuteur, réactif et sachant faire preuve d'adaptabilité."
5d70fee8b7d0a40009ce9e00,29,Caroline Carré,SkillandYou,04/05/2020,"Jonathan a géré avec succès le SEO et le SEA des différents sites de SkillandYou pendant 3 ans. Il nous a notamment permis d'accroître de manière significative le trafic SEO sur nos sites. Il a également accompagné l'équipe contenu que je gérais, en particulier en mettant en place diverses formations en SEO. Il nous a ainsi permis d'avoir une bonne compréhension des enjeux, mais aussi des techniques et astuces à mettre en place pour rendre notre contenu plus visible."
5d70fee8b7d0a40009ce9e00,30,Laurent Gourier,Alfacoustic,04/05/2020,"bonjour,Super travail de référencement naturel, d'optimisation du site.Passage de la page 5 à 2 ème de la page 1 en référencement naturel sur google.merci encore pour ce super travail.je recommande fortement."
5d70fee8b7d0a40009ce9e00,31,Alain Farsi,DaisyCake,04/05/2020,"site réalisé dans les temps, professionnel, référencement conforme à nos attentes. toujours en première page dans cette thématique.nous recommandons Jonathan."
5d70fee8b7d0a40009ce9e00,32,Nabil Moumni,PromoTool,04/05/2020,"Jonathan a été méthodique et pertinent dans son travail. Il a permis de positionner le site de l'Agence Tapis Rouge en 1ère place de google sur des requêtes visées telles que ""Objets publicitaires de luxe"". Il a également su positionner plus de 60 catégories du site en optimisant nos contenus rédactionnels par sa technique de détermination de mots-clés compétitif, l'optimisation du balisage et sa stratégie de maillage interne. Nos échanges ont été très enrichissants et la mission réussie, je le recommande vivement."
5d70fee8b7d0a40009ce9e00,33,Laura Ou Pas,LauraOuPas.com,30/04/2020,J'ai fait appel à Jonathan pour le développement sous Wordpress et le SEO de mon blog voyage. Après quelques mois seulement je me suis retrouvée sur de belles requêtes dans Google qui m'ont permis d'augmenter mes sessions. L'effet s'est également fait ressentir sur mes revenus générés via mes bannières publicitaires car plus de sessions = plus de clics !
5d70fee8b7d0a40009ce9e00,34,Aurore Oger,Aurore OGER Energéticienne,15/11/2019,"Jonathan a beaucoup de connaissance pour le référence optimal de site Internet. Il m'a aidé à installé mon site et je suis très satisfaite du résultat, très adapté sur mobile aussi. Il est toujours de bons conseils pour le choix d'outils, SEO et SEA en particulier. Très professionnel, je suis très satisfaite de ses compétences.www.aurore-oger.fr"
5d70fee8b7d0a40009ce9e00,35,Alexis Gaffuri,Www.marilynfeltz.com,30/10/2019,"Cela fait 4 ans que Mr Cappe nous accompagne dans la création de notre site de e-commerce et le développement de notre stratégie digitale. En plus d'être compétent, sérieux et sympathique, il est consciencieux et toujours disponible même en cas d'urgence. Je l'ai souvent sollicité pour des interventions rapides et des problèmes techiniques compliqués. Il nous a toujours trouvé les meilleurs solutions! Je recommande cette personne à tout dirigeant qui aurait besoin de remettre les clés de sa ""maison virtuelle"" à quelqu'un de confiance! Alexis Gaffuri"
5d70fee8b7d0a40009ce9e00,36,Dominique De Thézy,CHATEAU D'OMIECOURT ET SPA,29/10/2019,"Jonathan s'occupe de notre site depuis 8 ans, il connaît bien notre entreprise et un vrai partenariat s'est installé! Nous lui avons confié la création d'un deuxième site web pour le Spa et il a bien compris nos besoin. Le premier métier de Jonathan est le référencement des site Web. C'est essentiel. Avoir un beau site mal référencé équivaut à avoir une belle boutique au fond d'une impasse.Vousqs pouvez visiter www.chateau-omiecourt.com et www.spa-chateau-omiecourt.com"
