﻿profile_id,review_index,name,company,date,description
5c0e71d7fe4143472c1f8a90,1,Kenny,SuperSmart S.A.,18/03/2025,"Julie s'est montrée extrêmement compétente et rigoureuse dans son travail. Elle travaille de manière efficace, sans perdre de temps, s'intègre rapidement dans de nouveaux processus de travail et collabore très bien avec tout type de collaborateur sur le plan humain. Nous ferons de nouveau appel à elle !"
5c0e71d7fe4143472c1f8a90,2,Alexis,YSA WELL,11/03/2025,Très bon accompagnement de Julie sur la création d'un catalogue produit. Elle est force de proposition et disponible. Je recommande son expertise et son travail.Merci Julie.
5c0e71d7fe4143472c1f8a90,3,Caroline,ORACINE,31/01/2025,"Ce fut un plaisir de travailler avec Julie sur ce projet. A l'écoute, réactive, compétente et rapide, elle m'a beaucoup aidé pour mener à bien ce projet et a fait preuve de beaucoup de professionnalisme."
5c0e71d7fe4143472c1f8a90,4,Annabelle,Newton Holding,13/01/2025,"Merci Julie pour ta flexibilité et ton professionnalisme. Je recommanderai sans hésiter de travailler avec Julie. Nous avons collaboré sur un projet de dernière minute entre Noël et le Nouvel An. Julie a fait preuve d'un grand professionnalisme, comprenant très rapidement notre besoin et notre brief, et a travaillé avec une grande efficacité. Les rendus étaient tout à fait à la hauteur de nos attentes et elle a fait preuve d'une grande flexibilité face aux retours clients."
5c0e71d7fe4143472c1f8a90,5,Baptiste,SYNDEAC,31/10/2024,"Julie a été d'un bout à l'autre du projet très motivée et extrêmement disponible. Cela a lui a permis de livrer dans les temps un travail de très grande qualité, avec plusieurs propositions qu'elle accompagnait de recommandations et d'explications. Chaque étape du projet a été respectée, nous sommes satisfaits à 100% de sa prestation. Nous retravaillerons à l'avenir avec Julie !"
5c0e71d7fe4143472c1f8a90,6,Arnaud,ALG Premium Co.,05/06/2024,"Excellent travail de la part de Julie, je suis très content du design livré. La communication était très bonne."
5c0e71d7fe4143472c1f8a90,7,Aymeric,Linxens Financière D,22/05/2024,"Première mission avec Julie autour de la création d'une affiche sur le thème de la sécurité en entreprise, déclinée en plusieurs langues. La collaboration s'est très bien passée, Julie est extrêmement réactive et à l'écoute. Julie est également de bon conseil et force de proposition. La prestation a été livrée très rapidement et a respecté en tous points notre demande.Je recommande!"
5c0e71d7fe4143472c1f8a90,8,Flavien,Miraludo - Flavien,23/04/2024,"Julie a été extrêmement efficace, et très professionnelle. Ses commentaires ont éclairés les choix de mon entreprise pour la suite de son aventure. Je retravaillerai volontiers avec elle."
5c0e71d7fe4143472c1f8a90,9,Eodev,EODev,26/01/2024,"Efficace et disponible, c'est un plaisir de travailler avec Julie. Nous re travaillerons avec elle avec grand plaisir !"
5c0e71d7fe4143472c1f8a90,10,Dev,BG COSMETICS,20/10/2023,"Je recommande vivement le travail de Julie qui est très professionnelle. Communication parfaite, travail professionnel, conseils pertinents. Je retravaillerai avec Julie sans aucun doute !"
5c0e71d7fe4143472c1f8a90,11,Alexandra,MBWS International,16/10/2023,"Excellente collaboration avec Julie ! Une réelle écoute et réactivité tout au long de la mission, je la recommande !"
5c0e71d7fe4143472c1f8a90,12,Margaryta,Accor - Europe du Sud,27/09/2023,Julie a été réactive est très efficace sur une mission courte mais urgente. Je n'hésiterai pas à la solliciter pour mes futurs besoins créatifs.
5c0e71d7fe4143472c1f8a90,13,Emilia,Toutes les couleurs sont belles.,20/09/2023,Julie a été très réactive et a su fournir un travail adapté à notre besoin.Je vous recommande de travailler avec Julie sur vos missions.
5c0e71d7fe4143472c1f8a90,14,Angela Bower,Angela Bower,13/09/2023,Très bonne collaboration avec Julie. Nous retravaillerons ensemble sans aucun doute.
5c0e71d7fe4143472c1f8a90,15,Mohamed-Ali,AEKYN,13/09/2023,"Julie a été extrêmement réactive compétente et compréhensive, dans le cadre d’une mission au timing très serré et requérant de multiples aller-retour. Elle a su s’adapter à tous les changements et imprévus de la mission, elle a été une véritable alliée. Le résultat est superbe !"
5c0e71d7fe4143472c1f8a90,16,Marine,Panacéa Conseil et Formation Santé,30/11/2022,Un grand merci à Julie pour son travail et son implication dans la réalisation de ce projet de déclinaison de brochure. Julie a su s'adapter à nos besoins et nous proposer un rendu de grand qualité. Je la recommande vivement !
5c0e71d7fe4143472c1f8a90,17,Mehdi,Winehouse,15/09/2021,"Julie a fait preuve de travail, rigueur, disponibilité, réactivité, sérieux tout au long de la mission. Vous pouvez y aller les yeux fermés."
5c0e71d7fe4143472c1f8a90,18,Pierre-Olivier,STUDI,03/08/2021,Un grand merci pour ton agité Julie et à très vite pour de nouveaux projets.
5c0e71d7fe4143472c1f8a90,19,Olivier,INCH SA,11/06/2021,"Très bonne expérience. Orientée produit, créative, de très bonnes idées, de nombreux échanges, nous recommandons fortement Julie pour la création de vos supports produits."
5c0e71d7fe4143472c1f8a90,20,Olivier,OD TRADING,21/04/2021,excellente collaboration avec Julie.
5c0e71d7fe4143472c1f8a90,21,Thomas,Majors Consultants,13/04/2021,Très à l'écoute et réactive. Julie a su s'adapter à nos besoins et nous délivrer rapidement un support tout à fait conforme à nos attentes.
5c0e71d7fe4143472c1f8a90,22,Sabine,Deppeler SA,26/02/2021,"L'expérience avec Julie était très bonne, travaille réalisé rapidement, de très bonne qualité avec beaucoup de gout. Merci"
5c0e71d7fe4143472c1f8a90,23,Guillene,AMG,30/01/2021,Top ! Tres a l'ecoute. Tres contente du professionnalisme du travail effectue.
5c0e71d7fe4143472c1f8a90,24,Valentin,GANEO,18/12/2020,"Nous avons donné à Julie pour mission la réalisation de deux ébauches d'identités graphiques pour une marque en cours de création. Un travail de qualité à été fourni et cela dans un très court laps de temps.Elle à pu se rendre disponible immédiatement, la communication était excellente, toutes les remarques apportées ont toujours été entendues et une réelle collaboration s'est installée. En plus de fournir un travail de qualité, Julie à été d'excellent conseil tout au long du projet.Si vous avez besoin d'une personne créative et force de proposition, je ne peux que recommander Julie.C'est en tout cas à elle que nous ferons appel pour de futurs projet.Je recommande à 100% !"
5c0e71d7fe4143472c1f8a90,25,Ilan,MAAYANE,22/10/2020,Je recommande vivement Julie pour son travail rapide et efficace.
5c0e71d7fe4143472c1f8a90,26,Sophiany,Fooding Company,20/10/2020,Julie a travaillé sur une adaptation d'étiquette à un nouveau tracé de découpe réduit avec des modifications de texte. La communication a été facile et le travail a très bien été compris. Elle s'est montrée très réactive tout au long. Je la recommande sans hésitation !
5c0e71d7fe4143472c1f8a90,27,Benjamin,Jomobox,19/10/2020,Très bon contact avec Julie ! Nous sommes vraiment contents du design du packaging suite au brief fourni et dans un délai court ! Nous ferons de nouveau appel à Julie pour Jomobox c'est sûr ! Benjamin Augros
5c0e71d7fe4143472c1f8a90,28,Adhémar,Turgo,08/06/2020,Super expérience et travail de qualité !
5c0e71d7fe4143472c1f8a90,29,Laurence,ROYKIN - LEVEST,02/06/2020,"Un super collaboration avec Julie toujours très agréable, disponible et a l'ecoute avec une grande rapidité d'execution. je retravaillerai avec elle avec grand plaisir et je la recommanderai sans hésiter"
5c0e71d7fe4143472c1f8a90,30,Pierre,Ecojoko,17/02/2020,"Julie est réactive et force de proposition, a parfaitement tenu les délais."
5c0e71d7fe4143472c1f8a90,31,Marie,TipToque,17/01/2020,Julie a été très réactive et la communication avec elle a été très fluide.Les délais (short) ont été respectés et Julie à compris nos besoins très rapidement.Je conseille.
5d70fee8b7d0a40009ce9e00,1,Ciprian,PARFAIT FLUIDE,11/05/2025,Bonne experience !Merci.
5d70fee8b7d0a40009ce9e00,2,Antoine,Op SERV / ROK Solution,07/05/2025,"Mission qui s’est bien déroulée avec Jonathan, organisé et respectueux des deadlines."
5d70fee8b7d0a40009ce9e00,3,Antoine,Op SERV / ROK Solution,18/04/2025,"Très bon travail de Jonathan, rapide et efficace je recommande"
5d70fee8b7d0a40009ce9e00,4,Ciprian,PARFAIT FLUIDE,15/04/2025,Merci
5d70fee8b7d0a40009ce9e00,5,Adrien,AFE AVOCAT,28/01/2025,"Jonathan a mené une mission SEO complète avec beaucoup de professionnalisme. Très à l’écoute, réactif et précis dans ses recommandations, il a fourni un travail de grande qualité. La collaboration a été fluide et satisfaisante. Je suis convaincu que les résultats suivront. Un grand merci pour son sérieux et son engagement dans mon projet !"
5d70fee8b7d0a40009ce9e00,6,Guillaume,Accor - PME - ENA,17/12/2024,"Mission réussie, le travail avec Jonathan est structuré, efficace, et fluide. Jonathan opère avec flexibilité et produit de très bons résultats."
5d70fee8b7d0a40009ce9e00,7,Antoine,Op SERV / ROK Solution,06/12/2024,"Très bon audit de la part de Jonathan, très pédagogue et approfondi."
5d70fee8b7d0a40009ce9e00,8,Digital,LANE Digital Consulting,02/12/2024,"Nous avons fait appel à Jonathan pour l'audit SEO du site d'un de nos clients après migration de Wordpress à WIX Studio. La présentation était très claire, complète et détaillée, il nous a fourni tous les éléments nécessaires pour que nous puissions améliorer la situation de notre côté. Nous avons apprécié le temps qu'il nous a accordé et son côté très pédagogue !"
5d70fee8b7d0a40009ce9e00,9,Nicolas,Mystery Box,13/11/2024,"Merci à Jonathan pour son travail clair et précis, explications de ce qu'il fait tout au long du projet, retour hebdomadaire, travail de grande qualité qui nous a permis de passer en 1ère page au bout d'un mois et demi seulement.Merci à toi."
5d70fee8b7d0a40009ce9e00,10,C.,Eaurigine,21/10/2024,"Jonathan a été à l'écoute, réactif, exhaustif dans sa démarche. Nous le solliciterons de nouveau pour la suite de nos projets. Merci !"
5d70fee8b7d0a40009ce9e00,11,Yann,Growan Partners,10/10/2024,"Très bonne collaboration. Un vrai pro sérieux, rigoureux et très sympa!"
5d70fee8b7d0a40009ce9e00,12,Christophe,La Taloche Pro,15/06/2024,"Jonathan est très professionnel, il est également de très bon conseils. C'était un plaisir que de travailler avec lui :)"
5d70fee8b7d0a40009ce9e00,13,Elisa,Le pot commun,16/05/2024,Jonathan est super pédagogue et professionnel. Nous avons réellement apprécié travailler avec lui !
5d70fee8b7d0a40009ce9e00,14,Matthieu,misterb&b - Pinklab360,24/04/2024,Très réactif et de bons conseils. Je recommande
5d70fee8b7d0a40009ce9e00,15,Fabien,Bolidem,10/04/2024,"Nous avons confié à Jonathan un audit complet pour deux de nos sites, le travail a été fait rapidement et de manière professionnelle. Jonathan explique très bien son audit et donne de précieux conseils, sa double compétence SEO/DEV lui permet d'avoir un oeuil pertinent sur le site et de faire des recommandations qui vont au-delà du simple audit. Je recommande à 100%"
5d70fee8b7d0a40009ce9e00,16,Christopher,Dayuse,09/04/2024,C'est la deuxième fois que j'effectue une mission avec Jonathan et ça s'est encore très bien passé ! Délai respecté et de très bons liens trouvés pour mon netlinking international
5d70fee8b7d0a40009ce9e00,17,Léana,Léana,24/01/2024,Très contente de mon expérience avec Jonathan pour une formation SEO. C'est un consultant SEO avec une grande expertise et beaucoup de pédagogie qui a su prendre le temps de me conseiller et m'a donné les éléments de réponse que j'attendais.Communication claire et agréable : je recommande sans hésiter !
5d70fee8b7d0a40009ce9e00,18,Magali,La Dame de Coeur,07/12/2023,C'était un plaisir de travailler avec Jonathan. Il est réactif et explique bien les process. Les délais et les tâches ont été respectés. La communication a été facile et agréable.
5d70fee8b7d0a40009ce9e00,19,Chloé,MESETYS,07/12/2023,"Nous avons eu recours aux services de Jonathan pour l'écriture de textes sous contraintes SEO, nous sommes très heureuses du résultat, les textes ont été rapidement écrits et ont permis de bien mieux positionner le site. C'est le début et c'est très prometteur.Je recommande les services de Jonathan."
5d70fee8b7d0a40009ce9e00,20,Chloé,MESETYS,07/12/2023,"Jonathan est expert dans son domaine, c'est très agréable de voir que sa méthodologie est bien rôdée et qu'il voit très bien comment faire progresser le positionnement d'un site. Les délais ont été plus longs que prévu mais Jonathan est très à l'écoute et a bien rectifié le tir.Nous avons des premiers résultats, j'ai hâte de voir la suite.Merci Jonathan, je recommande tes services mais pas à mes concurrents hahah !"
5d70fee8b7d0a40009ce9e00,21,Guillaume,Batteries For People,06/11/2023,excellent sur toute la ligne
5d70fee8b7d0a40009ce9e00,22,Victor,Gold Union (Groupe LK),31/10/2023,Jonathan nous a apporté une grande expertise et des recommandations pertinentes lors de la réalisation de l'audit SEO de notre site. Il explique les choses simplement et de manière claire. Nous comptons poursuivre notre collaboration ensemble.
5d70fee8b7d0a40009ce9e00,23,Frédéric,Synergie,09/10/2023,"Jonathan prend le temps de bien comprendre l'attente du client et d'expliquer sa méthode de travail. Durant son accompagnement, il a été réactif et disponible pour travailler avec notre équipe. Je ne peux que recommander ses prestations."
5d70fee8b7d0a40009ce9e00,24,Marketing,Secom,26/09/2023,Merci beaucoup Jonathan pour ta réactivité et ton travail. La mission s'est déroulée sans problème malgré un sujet très délicat de notre côté!
5d70fee8b7d0a40009ce9e00,25,Victor,Amusements la grande roue,30/08/2023,Jonathan a fait preuve d'une rigueur exemplaire lors du suivi des dossiers. Ses solides compétences et sa méthodologie efficace lui permettent de progresser rapidement. Je ne peux que recommander ses services !
5d70fee8b7d0a40009ce9e00,26,Anaïs,Visuell,29/08/2023,Très bonne expérience avec Jonathan ! On retravaillera avec lui sans aucun doute !
5d70fee8b7d0a40009ce9e00,27,Pierre,NUTTIN.shop,15/08/2023,"Je conseille vivement Jonathan pour un travail de référencement seo GoogleIl a fourni un travail précis et organiséLes résultats vont se voir rapidement je pense, merci."
5d70fee8b7d0a40009ce9e00,28,Laurent,iconologie,09/08/2023,"Jonathan a apporté une grande expertise SEO à la refonte de notre site Shopify. Son approche patiente et méthodique nous a accompagnés tout au long du processus, et son enthousiasme pour le projet a été un critère de choix dans le projet de travailler avec lui; Bien que nous n'ayons pas encore mesuré l'impact complet de son travail ( ce commentaire est posté le lendemain de la fin de la mission) , nous sommes confiants dans la solidité des bases qu'il a mises en place. Son professionnalisme et son écoute active font de lui un collaborateur précieux. Merci, Jonathan, pour ton investissement et ta diligence dans ce projet."
5d70fee8b7d0a40009ce9e00,29,Christopher,Dayuse,12/07/2023,"Super collaboration avec Jonathan, il a été très efficace et m'a trouvé des liens de qualité que ce soit domaine, url et contenus.Recommande fortementhttps://g.page/r/CYP7-aUYspwwEAg/review"
5d70fee8b7d0a40009ce9e00,30,Mmys,Montessori Family,24/04/2023,Travail chirurgical. Jonathan est un artiste du SEO. il me bleuff à  chaque mission !
5d70fee8b7d0a40009ce9e00,31,Sauje,Sauje,03/04/2023,"Nous avons fait appel aux services de Jonathan pour l’optimisation de notre site internet. Il a été ultra disponible, professionnel et efficace, je recommande vivement.La présentation des étapes sont claires et transparente et il est à l’écoute de nos questions et y répond très clairement."
5d70fee8b7d0a40009ce9e00,32,Emmanuel,WebFMS SARL,15/03/2023,"Excellente prestation : qualitative, exhaustive et dans les délais. Mon client en sort avec un plan d'action complet et des perspectives à court terme, c'est parfait."
5d70fee8b7d0a40009ce9e00,33,Eliot,Thesis.press,17/02/2023,"Excellent et pédagogue, un plaisir de travailler avec Jonathan :)"
5d70fee8b7d0a40009ce9e00,34,Franck,ARCHIMATERIAL,02/02/2023,"Un dossier d'audit et d'analyse bien ficelé, merci à Jonathan pour sa mission pour notre entreprise. Je recommande"
5d70fee8b7d0a40009ce9e00,35,Pauline,Little Guest,31/01/2023,"Jonathan a réalisé un audit SEO technique et sémantique de notre site et c'est un bonheur d'avoir une restitution structurée, claire, argumentée de chiffres et benchmarks, audible même pour un néophyte et avec de vraies recommandations concrètes. Il travaille vite et de manière très transparente. Expert très professionnel et très sympathique, je ne peux que recommander!"
5d70fee8b7d0a40009ce9e00,36,Philippe,Philippe Viossat,19/01/2023,"Grand professionnalisme et grande compétence, les maîtres mots de Jonathan ! Merci"
5d70fee8b7d0a40009ce9e00,37,Melissa,Mel'Assist,13/01/2023,"J'ai fait appel à Jonathan pour un consulting SEO d'une heure, afin d'optimiser mon site.Jonathan est d'excellent conseil et maitrise parfaitement son sujet !Je recommande vivement et n'hésiterai pas à faire à nouveau appel à ses services"
5d70fee8b7d0a40009ce9e00,38,Laurent,WIKEEPS,13/12/2022,Belle expertise avec un bon sens stratégique. Trés appréciable !
5d70fee8b7d0a40009ce9e00,39,Philippe,Agence Sanegon Détective,10/12/2022,Jonathan a su m'informer sur l'optimisation SEO de mon site avec rapidité et compétence. Je recommande vivement. De la part de Philippe pour l'agence SANEGON Détective
5d70fee8b7d0a40009ce9e00,40,Laurent,WIKEEPS,19/10/2022,Très bon contact.Audit + Boost SEO réalisé rapidement avec une méthodologie simple et efficace.
5d70fee8b7d0a40009ce9e00,41,Thomas,NEO.TV,24/02/2022,Travail de grande qualité ! Jonathan est efficace et très clair dans ses explications. Son audit nous sera très utile.
